Title,Genre,Director,Actors
kannukkul nilavu,"drama, mystery, romance",fazil,"joseph vijay, shalini, kaveri, raghuvaran"
kushi,"comedy, drama, romance",s.j. suryah,"jyotika, joseph vijay, mumtaj, shilpa shetty kundra"
priyamanavale,"drama, romance",k. selvabharathi,"joseph vijay, radhika chaudhari, s.p. balasubrahmanyam, bhuvaneswari"
friends,"drama, comedy, romance",siddique,"joseph vijay, suriya, ramesh khanna, devayani"
badri,"action, sport",p.a. arun prasad,"joseph vijay, bhoomika chawla, monal, vivek"
shahjahan,"action, romance",k.s. ravi,"joseph vijay, balaji, banu balasubramaniam, chaplin balu"
thamizhan,"action, drama",a. majid,"joseph vijay, priyanka chopra, nassar, revathi"
youth,"drama, romance",vincent selva,"joseph vijay, fathima babu, madhan bob, bosskey"
bagavathi,"action, drama",a. venkatesh,"joseph vijay, reema sen, vadivelu, ashish vidyarthi"
vaseegara,"comedy, drama, romance",k. selvabharathi,"joseph vijay, sneha, vadivelu, gayatri jayaraman"
pudhiya geethai,"action, drama",jagan,"joseph vijay, meera jasmine, ameesha patel, kalabhavan mani"
thirumalai,"action, romance",ramana,"joseph vijay, jyotika, avinash, manoj k. jayan"
udhaya,"action, drama, thriller",azhagam perumal,"joseph vijay, simran, pyramid natarajan, sophiya haque"
ghilli,"action, romance",dharani,"joseph vijay, trisha krishnan, prakash raj, ashish vidyarthi"
madurey,action,r. madhesh,"joseph vijay, sonia agarwal, rakshitha, vadivelu"
thirupaachi,"action, drama",perarasu,"joseph vijay, trisha krishnan, srinivasa rao kota, manoj k. jayan"
sachein,"comedy, drama, romance",john mahendran,"joseph vijay, genelia d'souza, bipasha basu, vadivelu"
sukran,"action, drama",s.a. chandrashekhar,"rajan p. dev, ravi krishna, nalini, anita hassanandani reddy"
sivakaasi,"action, drama",perarasu,"joseph vijay, asin thottumkal, prakash raj, geetha"
aathi,"action, drama",ramana,"joseph vijay, trisha krishnan, vivek, sai kumar"
pokkiri,"action, thriller",prabhu deva,"joseph vijay, asin thottumkal, prakash raj, vadivelu"
azhagiya tamilmagan,"action, drama, thriller",bharathan,"joseph vijay, shriya saran, namitha, sayaji shinde"
kuruvi,"action, comedy, drama",dharani,"joseph vijay, trisha krishnan, suman, vivek"
villu,"action, thriller",prabhu deva,"joseph vijay, nayanthara, prakash raj, vadivelu"
vettaikaaran,"action, drama",babu sivan,"joseph vijay, anushka shetty, salim ghouse, p. ravi shankar"
sura,action,s.p. rajkumar,"joseph vijay, tamannaah bhatia, vadivelu, dev gill"
kaavalan,"action, drama, romance",siddique,"joseph vijay, asin thottumkal, raj kiran, vadivelu"
velayudham,action,mohan raja,"joseph vijay, genelia d'souza, hansika motwani, saranya mohan"
nanban,"comedy, drama",s. shankar,"joseph vijay, jiiva, srikanth, ileana d'cruz"
thuppakki,"action, thriller",a.r. murugadoss,"joseph vijay, kajal aggarwal, vidyut jammwal, sathyan"
thalaivaa,"action, drama, thriller",a.l. vijay,"joseph vijay, amala paul, santhanam, sathyaraj"
jilla,"action, drama",r.t. neason,"mohanlal, joseph vijay, kajal aggarwal, sampath raj"
kaththi,"action, drama",a.r. murugadoss,"joseph vijay, samantha ruth prabhu, neil nitin mukesh, tota roy chowdhury"
puli,"action, adventure, fantasy",chimbudeven,"joseph vijay, sridevi, sudeep, prabhu"
theri,"action, drama",atlee kumar,"joseph vijay, samantha ruth prabhu, amy jackson, baby nainika"
bairavaa,"action, thriller",bharathan,"joseph vijay, keerthy suresh, jagapathi babu, daniel balaji"
mersal,"action, thriller",atlee kumar,"joseph vijay, s.j. suryah, kajal aggarwal, samantha ruth prabhu"
sarkar,"action, drama",a.r. murugadoss,"joseph vijay, keerthy suresh, varalaxmi sarathkumar, pala karuppaiah"
bigil,"action, drama, sport",atlee kumar,"joseph vijay, nayanthara, jackie shroff, vivek"
mugavari,"drama, romance",v.z. dhorai,"suchindra bali, jyotika, ajith kumar, manivannan"
kandukondain kandukondain,"drama, romance",rajiv menon,"ajith kumar, tabu, mammootty, aishwarya rai bachchan"
unnai kodu ennai tharuven,romance,kavee kalidas,"ajith kumar, simran, charlie, chinnijayanth"
dheena,action,a.r. murugadoss,"ajith kumar, suresh gopi, laila, mahanadhi shankar"
citizen,"action, drama, mystery",saravana subaiya,"vasundhara das, devan, cochin hanifa, ajith kumar"
poovellam un vaasam,drama,ezhil,"ajith kumar, jyotika, nagesh, sivakumar"
red,"action, drama",singampuli,"ajith kumar, priya gill, joy badlani, rajan p. dev"
raja,romance,ezhil,"ajith kumar, jyotika, priyanka upendra, vadivelu"
villain,"action, drama, thriller",k.s. ravikumar,"ajith kumar, neha dhupia, meena, tulip joshi"
ennai thalatta varuvala,"action, romance",k.s. raveendran,"jai ganesh, ajith kumar, raghuvaran, reshma"
anjaneya,"action, crime, drama",n. maharajan,"ajith kumar, meera jasmine, raghuvaran, adithya menon"
jana,"action, drama",shaji kailas,"ajith kumar, sneha, delhi ganesh, manoj k. jayan"
attagasam,"action, drama",saran,"ajith kumar, pooja umashankar, sujatha, mahadevan"
ji,"action, drama",n. linguswamy,"ajith kumar, trisha krishnan, charan raj, venkat prabhu"
paramasivan,"action, thriller",p. vasu,"ajith kumar, laila, jayaram, prakash raj"
tirupathi,"action, drama",perarasu,"ajith kumar, sada, riyaz khan, arun pandyan"
varalaaru,"action, drama",k.s. ravikumar,"ajith kumar, asin thottumkal, kaniha, vijayan"
aalwar,action,chella,"ajith kumar, asin thottumkal, vivek, aachi manorama"
kireedam,"action, drama",a.l. vijay,"ajith kumar, trisha krishnan, raj kiran, vivek"
billa,"action, thriller",vishnuvardhan,"ajith kumar, nayanthara, rahman, namitha"
aegan,action,raju sundaram,"ajith kumar, nayanthara, navdeep, piaa bajpai"
asal,action,saran,"ajith kumar, sameera reddy, bhavana, prabhu"
mankatha,"action, crime, thriller",venkat prabhu,"ajith kumar, arjun sarja, trisha krishnan, premgi amaren"
billa 2,"action, thriller",chakri toleti,"ajith kumar, parvathy omanakuttan, bruna abdullah, sudhanshu pandey"
arrambam,"action, drama, mystery",vishnuvardhan,"ajith kumar, arya, nayanthara, taapsee pannu"
veeram,action,siva,"ajith kumar, tamannaah bhatia, vidharth, bala"
yennai arindhaal,"action, thriller",gautham vasudev menon,"ajith kumar, arun vijay, trisha krishnan, anushka shetty"
vedalam,"action, drama",siva,"ajith kumar, shruti haasan, lakshmi menon, soori"
veer - vivegam,"action, thriller",siva,"ajith kumar, vivek oberoi, kajal aggarwal, akshara haasan"
viswasam,"action, drama",siva,"ajith kumar, nayanthara, sakshi agarwal, darbha appaji ambarisha"
nerkonda paarvai,"action, drama, thriller",h. vinoth,"ajith kumar, vidya balan, rangaraj pandey, shraddha srinath"
nerukku ner,"action, drama, romance",vasanth,"joseph vijay, suriya, kousalya, simran"
kaadhale nimmadhi,"drama, romance",indiran,"geetha, manivannan, murali, nassar"
sandhippoma,"drama, romance",indrakumar,"ambika, sarath babu, prakash raj, radhika sarathkumar"
periyanna,"action, drama, romance",s.a. chandrashekhar,"vijayakanth, meena, suriya, aachi manorama"
poovellaam kettuppaar,"comedy, romance",vasanth,"suriya, jyotika, vijayakumar, nassar"
nandha,"action, drama",bala,"suriya, laila, raj kiran, rajashri"
unnai ninaithu,drama,vikraman,"suriya, laila, sneha, ramesh khanna"
shree,"action, drama",pushpavasagan,"ilavarasu, kalyani, riyaz khan, shrutika"
mounam pesiyadhe,"drama, romance",ameer sultan,"suriya, trisha krishnan, nandha, anju mahendran"
kaakha..kaakha: the police,"action, crime, drama",gautham vasudev menon,"suriya, jyotika, 'university' jeevan, daniel balaji"
pithamagan,"action, drama",bala,"vikram, suriya, laila, sangeetha"
peralagan,"comedy, drama, romance",sasi shankar,"suriya, jyotika, vivek, aachi manorama"
ayitha ezhuthu,"action, drama, thriller",mani ratnam,"suriya, madhavan, siddharth, meera jasmine"
mayaavi,"comedy, drama",singampuli,"jyotika, roja, sathyan, himani shivpuri"
ghajini,"action, drama, mystery",a.r. murugadoss,"suriya, asin thottumkal, nayanthara, pradeep singh rawat"
aaru,"action, thriller",hari,"suriya, trisha krishnan, vadivelu, ashish vidyarthi"
june r,"drama, family",revathy s. varma,"jyotika, saritha, kushboo, suriya"
sillunu oru kadhal,"drama, romance",n. krishna,"suriya, jyotika, bhoomika chawla, shriya sharma"
vel,"action, comedy, drama",hari,"suriya, asin thottumkal, vadivelu, kalabhavan mani"
vaaranam aayiram,"drama, musical, romance",gautham vasudev menon,"suriya, simran, ramya, sameera reddy"
ayan,action,k.v. anand,"suriya, tamannaah bhatia, prabhu, jagan"
aadhavan,"action, comedy",k.s. ravikumar,"suriya, nayanthara, vadivelu, saroja devi b."
singam,"action, thriller",hari,"suriya, anushka shetty, prakash raj, vivek"
rakhta charitra 2,"action, biography, crime",ram gopal varma,"shatrughan sinha, vivek oberoi, suriya, sudeep"
7 aum arivu,"action, sci-fi, thriller",a.r. murugadoss,"suriya, shruti haasan, johnny nguyen, abhinaya"
maattrraan,"action, sci-fi, thriller",k.v. anand,"suriya, kajal aggarwal, sachin khedekar, thara"
singam 2,"action, thriller",hari,"suriya, anushka shetty, hansika motwani, vivek"
masss,"action, comedy, horror",venkat prabhu,"suriya, nayanthara, parthiban, samuthirakani"
pasanga 2,"drama, family",pandiraj,"suriya, amala paul, nishesh, baby vaishnavi"
24,"action, sci-fi, thriller",vikram k. kumar,"suriya, samantha ruth prabhu, nithya menon, saranya ponvannan"
singam 3,"action, thriller",hari,"suriya, anushka shetty, shruti haasan, thakur anoop singh"
thaanaa serndha koottam,"action, comedy, crime",vignesh shivan,"suriya, keerthy suresh, karthik, ramya krishnan"
ngk,"action, drama",k. selvaraghavan,"suriya, sai pallavi, rakul preet singh, ponvannan"
kaappaan,"action, thriller",k.v. anand,"suriya, mohanlal, chris wilson, boman irani"
moondru mudichu,romance,k. balachander,"kamal haasan, rajinikanth, sridevi, vijaya y."
mullum malarum,drama,j. mahendran,"sarath babu, jayalakshmi, shubha, venniradai moorthy"
aarilirindhu aruvathu varai,"biography, drama",s.p. muthuraman,"jayalakshmi, suruli rajan, rajinikanth, cho ramaswamy"
annai oru aalayam,"adventure, drama",r. thyagaraajan,"rajinikanth, sripriya, anjali devi, nagesh"
murattu kaalai,"action, drama",s.p. muthuraman,"rajinikanth, rati agnihotri, sumalatha, jaishankar"
thillu mullu,comedy,k. balachander,"rajinikanth, madhavi, thengai srinivasan, showkar janaki"
netri kann,drama,s.p. muthuraman,"rajinikanth, monica, sarath babu, goundamani"
moondru mugham,"action, drama",a. jagannathan,"rajinikanth, radhika sarathkumar, silk smitha, delhi ganesh"
paayum puli,action,s.p. muthuraman,"rajinikanth, radha, aachi manorama, silk smitha"
kai kodukkam kai,"action, drama",j. mahendran,"chinnijayanth, y.g. mahendran, rajinikanth, revathi"
nallavanukku nallavan,"drama, romance",s.p. muthuraman,"rajinikanth, radhika sarathkumar, karthik, tulasi"
sree raaghavendar,"biography, drama",s.p. muthuraman,"rajinikanth, lakshmi, delhi ganesh, sathyaraj"
mr. bharath,drama,s.p. muthuraman,"ambika, goundamani, raghuvaran, rajinikanth"
manithan,"crime, drama",s.p. muthuraman,"delhi ganesh, jai ganesh, raghuvaran, rajinikanth"
mappilai,"action, comedy",rajasekar,"amala akkineni, s.s. chandran, chiranjeevi, dileep"
adisaya piravi,"action, comedy, fantasy",s.p. muthuraman,"rajinikanth, chinnijayanth, jai ganesh, bharat gopy"
thalapathi,"action, crime, drama",mani ratnam,"rajinikanth, mammootty, shobana, arvind swamy"
mannan,"action, comedy, drama",p. vasu,"goundamani, ennatha kannaiya, kushboo, aachi manorama"
annamalai,"action, drama",suresh krishna,"rajinikanth, sarath babu, kushboo, radha ravi"
ejamaan,"drama, romance",r.v. udhaya kumar,"rajinikanth, meena, napolean, aishwarya"
veera,"comedy, romance",suresh krishna,"rajinikanth, meena, roja, charlie"
baasha,"action, crime, drama",suresh krishna,"rajinikanth, nagma, raghuvaran, vijayakumar"
muthu,"action, comedy, drama",k.s. ravikumar,"rajinikanth, meena, sarath babu, senthil"
arunachalam,"action, comedy, drama",sundar c.,"rajinikanth, soundarya, rambha, jaishankar"
padayappa,"action, comedy, drama",k.s. ravikumar,"shivaji ganesan, rajinikanth, ramya krishnan, soundarya"
chandramukhi,"action, comedy, fantasy",p. vasu,"rajinikanth, jyotika, prabhu, nayanthara"
sivaji,"action, drama, thriller",s. shankar,"rajinikanth, shriya saran, suman, vivek"
kuselan,"comedy, drama, family",p. vasu,"rajinikanth, pasupathy, meena, nayanthara"
enthiran,"action, sci-fi",s. shankar,"rajinikanth, aishwarya rai bachchan, danny denzongpa, santhanam"
nayakan,"crime, drama",mani ratnam,"kamal haasan, saranya ponvannan, delhi ganesh, janakaraj"
mahanadi,"crime, drama",santhana bharathi,"kamal haasan, sukanya, poornam vishwanathan, mahanadhi shobana"
anbe sivam,"adventure, comedy, drama",sundar c.,"kamal haasan, madhavan, kiran rathod, nassar"
moondram pirai,"drama, romance",balu mahendra,"kamal haasan, sridevi, poornam vishwanathan, silk smitha"
pushpaka vimana,"comedy, romance",singeetam srinivasa rao,"kamal haasan, amala akkineni, tinnu anand, narayana p.l."
apoorva sagodharargal,"action, comedy, drama",singeetam srinivasa rao,"kamal haasan, nagesh, srividya, gautami"
thevar magan,drama,bharathan,"kamal haasan, shivaji ganesan, nassar, revathi"
indian,"action, drama, thriller",s. shankar,"kamal haasan, sukanya, manisha koirala, urmila matondkar"
sagara sangamam,"musical, romance, drama",k. viswanath,"kamal haasan, jaya prada, sarath babu, sailaja s.p."
sadma,romance,balu mahendra,"kamal haasan, sridevi, gulshan grover, silk smitha"
guna,"drama, romance",santhana bharathi,"kamal haasan, roshini, rekha, varalakshmi s."
kuruthipunal,"action, drama, thriller",p.c. sreeram,"kamal haasan, arjun sarja, nassar, gautami"
michael madana kama rajan,"comedy, musical",singeetam srinivasa rao,"kamal haasan, kushboo, urvashi, roobini"
vishwaroopam,"action, thriller",kamal haasan,"pooja kumar, miles anderson, kamal haasan, rahul bose"
virumandi,"action, drama, thriller",kamal haasan,"kamal haasan, abhirami, pasupathy, napolean"
pathinaru vayathinile,"drama, romance",bharathiraja,"kamal haasan, sridevi, rajinikanth, gandhimathi"
papanasam,"drama, thriller",jeethu joseph,"papanasam, nivetha thomas, esther anil"
hey ram,"crime, drama, history",kamal haasan,"kamal haasan, shah rukh khan, rani mukerji, hema malini"
sigappu rojakkal,"drama, thriller",bharathiraja,"kamal haasan, sridevi, bhagyaraj, goundamani"
panchatanthiram,"comedy, drama",k.s. ravikumar,"kamal haasan, simran, ramya krishnan, ramesh aravind"
varumayin niram sigappu,drama,k. balachander,"kamal haasan, sridevi, prathap pothen, dilip"
aakali rajyam,drama,k. balachander,"kamal haasan, sridevi, ramana murthi j.v., prathap pothen"
avvai shanmugi,"comedy, drama",k.s. ravikumar,"kamal haasan, meena, gemini ganesan, nassar"
unnaipol oruvan,"crime, drama, mystery",chakri toleti,"kamal haasan, mohanlal, lakshmi, anuja iyer"
swathi muthyam,"drama, family, romance",k. viswanath,"kamal haasan, radhika sarathkumar, allu arjun, sarath babu"
vettaiyaadu vilaiyaadu,"action, crime, thriller",gautham vasudev menon,"kamal haasan, jyotika, prakash raj, daniel balaji"
unnal mudiyum thambi,"drama, musical",k. balachander,"kamal haasan, seetha, gemini ganesan, aachi manorama"
sathi leelavathi,"comedy, drama",balu mahendra,"kamal haasan, ramesh aravind, kovai sarala, kalpana"
dasavatharam,"action, adventure, sci-fi",k.s. ravikumar,"kamal haasan, asin thottumkal, jaya prada, mallika sherawat"
aalavandhan,"action, thriller",suresh krishna,"kamal haasan, raveena tandon, manisha koirala, kitu gidwani"
ek duuje ke liye,"drama, musical, romance",k. balachander,"kamal haasan, rati agnihotri, madhavi, sunil thapa"
maro charithra,"drama, romance",k. balachander,"kamal haasan, saritha, madhavi, sarath babu"
raaja paarvai,"drama, romance",singeetam srinivasa rao,"kamal haasan, madhavi, y.g. mahendran, l.v. prasad"
saagar,"drama, romance",ramesh sippy,"rishi kapoor, kamal haasan, dimple kapadia, nadira"
chachi 420,"comedy, drama, family",kamal haasan,"kamal haasan, amrish puri, om puri, tabu"
sathyaa,"action, crime, drama",suresh krishna,"kamal haasan, amala akkineni, bahadur, vadivukkarasi"
vasoolraja m.b.b.s,"comedy, drama",saran,"kamal haasan, sneha, prabhu, prakash raj"
apoorva raagangal,"drama, romance",k. balachander,"kamal haasan, srividya, jayasudha, nagesh"
pammal k. sambandam,"comedy, musical",mouli,"kamal haasan, simran, abbas, sneha"
thenali,"comedy, drama",k.s. ravikumar,"kamal haasan, jayaram, jyotika, devayani"
kaathala kaathala,"comedy, drama, romance",singeetam srinivasa rao,"kamal haasan, prabhu deva, soundarya, rambha"
punnagai mannan,"comedy, drama, romance",k. balachander,"kamal haasan, revathi, rekha, srividya"
thoongaavanam,"action, thriller",rajesh m. selva,"kamal haasan, prakash raj, trisha krishnan, kishore kumar g."
uttama villain,"comedy, drama",ramesh aravind,"kamal haasan, k. balachander, k. viswanath, nassar"
indrudu chandrudu,"comedy, drama",suresh krishna,"kamal haasan, vijayshanti, charan raj, narayana p.l."
nammavar,drama,k.s. sethumadhavan,"kamal haasan, gautami, nagesh, karan"
singaaravelan,comedy,r.v. udhaya kumar,"kamal haasan, kushboo, goundamani, jaishankar"
magalir mattum,"comedy, drama, thriller",singeetam srinivasa rao,"revathi, urvashi, rohini, nassar"
vikram,"action, adventure, sci-fi",rajasekar,"kamal haasan, sathyaraj, ambika, santhana bharathi"
guru,"action, crime, drama",i.v. sasi,"kamal haasan, sridevi, y.g. mahendran, mohan babu"
vishwaroopam 2,"action, thriller",kamal haasan,"kamal haasan, rahul bose, shekhar kapur, pooja kumar"
thulluvadho ilamai,drama,k. selvaraghavan,"abhinay, dhanush, gangeshwari, ramesh khanna"
kaadhal konden,"drama, musical, thriller",k. selvaraghavan,"dhanush, sonia agarwal, sudip, daniel balaji"
thiruda thirudi,"comedy, romance",subramaniam siva,"dhanush, chaya singh, karunas, manikya vinayakam"
puthukkottaielerenthu saravanan,"action, adventure, romance",s.s. stanley,"dhanush, peter hein, karunas, mayoori"
sullan,"action, crime, drama",ramana,"dhanush, manivannan, pasupathy, sanghavi"
dreams,drama,kasthuri raja,"brahmanandam, dhanush, chandreyi ghosh, niraj"
devathayai kanden,drama,boopathy pandian,"dhanush, sridevi vijaykumar"
athu oru kanaa kaalam,romance,balu mahendra,"amarasigamani, dhanush, priyamani"
pudhu pettai,"action, crime, drama",k. selvaraghavan,"dhanush, sneha, sonia agarwal, azhagam perumal"
thiruvilaiyaadal aarambam,drama,boopathy pandian,"dhanush, ilavarasu, kannaiyan, karunas"
parattai engira azhagu sundaram,action,suresh krishna,"archana, dhanush, meera jasmine, nassar"
polladhavan,action,vetrimaaran,"dhanush, ramya, kishore kumar g., karunas"
yaaradi nee mohini,"drama, romance",mithran jawahar,"dhanush, nayanthara, karthik kumar, saranya mohan"
kutty,"action, drama, romance",mithran jawahar,"vincent ashokan, swati bhatia, sammir dattani, dhanush"
uthama puthiran,"comedy, romance",mithran jawahar,"dhanush, genelia d'souza, vivek, ashish vidyarthi"
aadukalam,"action, drama, sport",vetrimaaran,"dhanush, taapsee pannu, jayabalan, kishore kumar g."
mappillai,action,suraj,"dhanush, hansika motwani, manisha koirala, vivek"
venghai,"action, drama",hari,"dhanush, tamannaah bhatia, raj kiran, prakash raj"
mayakkam enna,"drama, romance",k. selvaraghavan,"dhanush, richa langella, sunder ramu, mathivanan rajendran"
3,"drama, mystery, romance",aishwarya dhanush,"dhanush, shruti haasan, prabhu, bhanupriya"
raanjhanaa,"drama, romance",aanand l. rai,"dhanush, sonam kapoor, mohammed zeeshan ayyub, swara bhaskar"
maryan,"adventure, drama, romance",ganapathy bharat,"dhanush, parvathy thiruvothu, salim kumar, appukutty"
naiyaandi,"comedy, romance",a. sarkunam,"dhanush, nazriya nazim, vamsi krishna, sathyan"
velaiilla pattadhari,"action, comedy, drama",velraj,"dhanush, saranya ponvannan, amala paul, samuthirakani"
shamitabh,drama,r. balki,"amitabh bachchan, dhanush, akshara haasan, abhinaya"
anegan,"action, romance, thriller",k.v. anand,"dhanush, karthik, amyra dastur, aishwarya devan"
maari,"action, comedy, drama",balaji mohan,"dhanush, kajal aggarwal, vijay yesudas, robo shankar"
thanga magan,"action, drama, romance",velraj,"dhanush, samantha ruth prabhu, amy jackson, k.s. ravikumar"
thodari,"action, thriller",prabu solomon,"dhanush, keerthy suresh, ganesh venkatraman, imman annachi"
kodi,"action, drama, thriller",r.s. durai senthilkumar,"dhanush, trisha krishnan, anupama parameshwaran, saranya ponvannan"
power paandi,"action, drama, family",dhanush,"dhanush, dheena, divyadarshini, delhi ganesh"
velaiyilla pattathari 2,"action, comedy",soundarya r. ashwin,"riaz ahmed, karrthik ahuja, bhai amma, rj ananthi"
the extraordinary journey of the fakir,"adventure, comedy, drama",ken scott,"dhanush, bérénice bejo, erin moriarty, barkhad abdi"
vada chennai,"action, crime",vetrimaaran,"dhanush, ameer sultan, radha ravi, daniel balaji"
maari 2,"action, comedy",balaji mohan,"dhanush, kreshna, sai pallavi, varalaxmi sarathkumar"
asuran,"action, drama",vetrimaaran,"dhanush, manju warrier, prakash raj, pasupathy"
thoota,"action, drama, romance",gautham vasudev menon,"dhanush, megha akash, m. sasikumar, senthil veeraasamy"
pattas,"action, drama",r.s. durai senthilkumar,"dhanush, sneha, mehreen pirzada, naveen chandra"
meera,musical,p.c. sreeram,"aishwarya, delhi ganesh, janakaraj, venniradai moorthy"
pudhiya mannargal,drama,vikraman,"mohini, vikram"
house full,thriller,parthiban,"parthiban, vadivelu, roja, suvalakshmi"
sethu,"action, drama, romance",bala,"vikram, abitha, sivakumar, sriman"
dhill,"action, drama",dharani,"vikram, laila, ashish vidyarthi, nassar"
kasi,drama,vinayan,"vikram, kavya madhavan, kaveri, manivannan"
gemini,"action, comedy, crime",saran,"vikram, kiran rathod, kalabhavan mani, murali"
samurai,"action, drama, musical",balaji sakthivel,"vikram, jayaseel, nassar, vadivukkarasi"
dhool,"action, drama",dharani,"vikram, jyotika, reema sen, sayaji shinde"
kadhal sadugudu,"action, drama",v.z. dhorai,"vikram, priyanka upendra, prakash raj, alphonsa"
saamy,"action, drama",hari,"vikram, trisha krishnan, srinivasa rao kota, vivek"
arul,action,hari,"vikram, jyotika, pasupathy, vadivelu"
anniyan,"action, drama, thriller",s. shankar,"vikram, sada, prakash raj, vivek"
maja,"action, comedy, romance",shafi,"vikram, asin thottumkal, pasupathy, anu prabhakar"
bheemaa,action,n. linguswamy,"vikram, trisha krishnan, prakash raj, raghuvaran"
kanthaswamy,action,susi ganesan,"vikram, shriya saran, prabhu, ashish vidyarthi"
raavanan,"action, adventure, drama",mani ratnam,"vikram, aishwarya rai bachchan, prithviraj sukumaran, priyamani"
deiva thirumagal,"drama, family, musical",a.l. vijay,"vikram, anushka shetty, amala paul, nassar"
rajapattai,"action, comedy",suseenthiran,"vikram, deeksha seth, k. viswanath, pradeep singh rawat"
thaandavam,"action, thriller",a.l. vijay,"vikram, jagapathi babu, anushka shetty, amy jackson"
david,"action, crime, drama",bejoy nambiar,"vikram, neil nitin mukesh, vinay virmani, tabu"
i,"action, drama, thriller",s. shankar,"vikram, amy jackson, suresh gopi, upen patel"
10,"action, thriller",vijay milton,"vikram, samantha ruth prabhu, pasupathy, rahul dev"
inkokkadu,"action, sci-fi, thriller",anand shankar,"vikram, nayanthara, nithya menon, thambi ramaiah"
sketch,action,vijay chandar,"vikram, tamannaah bhatia, sriman, soori"
saamy 2,action,hari,"vikram, keerthy suresh, aishwarya rajesh, prabhu"
kadaram kondan,"action, thriller",rajesh m. selva,"vikram, akshara haasan, abi hassan, lena"
velaikkaran,"action, thriller",mohan raja,"sivakarthikeyan, fahadh faasil, nayanthara, prakash raj"
ethir neechal,"comedy, romance, sport",r.s. durai senthilkumar,"sivakarthikeyan, priya anand, nandita shwetha, sharath lohitashwa"
varuthapadatha valibar sangam,"comedy, romance",ponram,"sivakarthikeyan, sathyaraj, sri divya, soori"
rajini murugan,"action, comedy",ponram,"sivakarthikeyan, raj kiran, keerthy suresh, soori"
remo,"comedy, romance",bakkiyaraj kannan,"yogi babu, sri divya, kalyani n., aadukalam naren"
kadhalan,"action, drama, romance",s. shankar,"prabhu deva, nagma, vadivelu, s.p. balasubrahmanyam"
mudhalvan,"action, drama, thriller",s. shankar,"arjun sarja, manisha koirala, raghuvaran, vadivelu"
jeans,"comedy, drama, romance",s. shankar,"prashanth, aishwarya rai bachchan, nassar, senthil"
minsaara kanavu,"comedy, drama, musical",rajiv menon,"arvind swamy, prabhu deva, kajol, nassar"
thulladha manamum thullum,"drama, romance",ezhil,"joseph vijay, simran, dhamu, vaiyapuri"
taj mahal,romance,bharathiraja,"manoj bharatiraaja, riya sen, radhika sarathkumar, revathi"
kadhal desam,"comedy, drama, romance",kathir,"abbas, s.p. balasubrahmanyam, chaplin balu, chinnijayanth"
kadhalar dinam,"drama, musical, romance",kathir,"kunal, sonali bendre, nassar, goundamani"
bombay,"drama, musical, romance",mani ratnam,"arvind swamy, manisha koirala, nassar, kitty"
dil se..,"drama, romance",mani ratnam,"shah rukh khan, manisha koirala, preity zinta, raghuvir yadav"
ratchakan,"action, romance",praveenkanth,"nagarjuna akkineni, sushmita sen, girish karnad, s.p. balasubrahmanyam"
sangamam,"drama, music",suresh krishna,"rahman, vindhya, manivannan, vijayakumar"
veerapandiya kattabomman,"biography, drama, history",b. ramakrishnaiah panthulu,"shivaji ganesan, gemini ganesan, padmini, varalakshmi s."
bale pandiya,"comedy, romance",b. ramakrishnaiah panthulu,"shivaji ganesan, m.r. radha, devika, k. balaji"
karnan,"action, drama, history",b. ramakrishnaiah panthulu,"shivaji ganesan, taraka rama rao nandamuri, s.a. ashokan, r. muthuraman"
kadalikka neramillai,"comedy, romance",c.v. sridhar,"t.s. balaiah, kanchana, r. muthuraman, nagesh"
enga veetu pillai,"action, comedy, drama",tapi chanakya,"saroja devi b., nagesh, m.n. nambiar, pandharibai"
ayirathil oruvan,"action, adventure",b. ramakrishnaiah panthulu,"jayalalitha j, r.s. manohar, nagesh, m.n. nambiar"
thiruvilayadal,"drama, family, musical",a.p. nagarajan,"shivaji ganesan, savitri, nagesh, balaiya"
anbe vaa,"comedy, romance",a.c. trilogchander,"m.g. ramachandran, saroja devi b., nagesh, aachi manorama"
adimai penn,drama,k. shankar,"s.a. ashokan, j.p. chandrababu, o.a.k. devar, jayalalitha j"
kasethan kadavulada,comedy,chitralaya gopu,"lakshmi, aachi manorama, venniradai moorthy, r. muthuraman"
ninaithale inikkum,"musical, romance",k. balachander,"kamal haasan, jaya prada, rajinikanth, sarath babu"
indru poyi naalai vaa,comedy,bhagyaraj,"bhagyaraj, radhika sarathkumar, kallapatti singaram"
dhavani kannavukal,drama,bhagyaraj,"bhagyaraj, shivaji ganesan, parthiban, radhika sarathkumar"
munthanai mudichu,drama,bhagyaraj,"unni mary, thavakalai, urvashi"
aan paavam,comedy,r. pandiaraajan,"janakaraj, r. pandiaraajan, pandiyan, v.k. ramasamy"
muthal mariyathai,drama,bharathiraja,"shivaji ganesan, radha, renjini, sathyaraj"
mouna ragam,"drama, romance",mani ratnam,"karthik, mohan, v.k. ramasamy, revathi"
samsaram athu minsaram,drama,visu,"chandrasekhar, dilip, delhi ganesh, ilavarasi"
nadigan,"comedy, romance",p. vasu,"sathyaraj, kushboo, goundamani, aachi manorama"
gentleman,"action, drama, thriller",s. shankar,"rajan p. dev, prabhu deva, gautami, goundamani"
amaidhi padai,"action, crime, drama",manivannan,"kasturi, manivannan, ranjitha, sathyaraj"
nattamai,"action, drama",k.s. ravikumar,"goundamani, sarath kumar, kushboo, meena"
kadhal kottai,"drama, romance",ahathian,"ajith kumar, devayani, heera rajgopal, sabitha anand"
ullathai allitha,comedy,sundar c.,"goundamani, karthik, rambha"
poove unakkaga,"comedy, drama, romance",vikraman,"anju aravind, madhan bob, charlie, jai ganesh"
iruvar,"biography, drama",mani ratnam,"mohanlal, prakash raj, aishwarya rai bachchan, gautami"
kadhalukku mariyadhai,"drama, romance",fazil,"joseph vijay, shalini, charlie, dhamu"
suryavamsam,drama,srinivasa rao bhimaneni,"venkatesh daggubati, meena, sanghavi, radhika sarathkumar"
jodi,romance,praveenkanth,"sakthi chidambaram, isha koppikar, sennalkudi lakshmi, nassar"
vaalee,"romance, thriller",s.j. suryah,"ajith kumar, simran, jyotika, vivek"
alai payuthey,"drama, musical, romance",mani ratnam,"madhavan, shalini, swarnamalya, v. natarajan"
vetri kodi kattu,comedy,cheran,"murali, parthiban, meena, malavikka"
vaanathaipola,"drama, musical, romance",vikraman,"vijayakanth, meena, prabhu deva, livingston"
rhythm,"drama, musical, romance",vasanth,"ramesh aravind, joy badlani, jyotika, lakshmi"
minnale,"comedy, drama, musical",gautham vasudev menon,"madhavan, abbas, reema sen, nagesh"
ramana,"action, drama",a.r. murugadoss,"vijayakanth, simran, ashima bhalla, yugi sethu"
azagiya theeye,drama,radha mohan,"devadarshini chetan, navya nair, prasanna, prakash raj"
imsai arasan 23 m pulikesi,comedy,chimbudeven,"vadivelu, nassar, nagesh, aachi manorama"
em magan,"drama, romance",thirumurugan,"bharath srinivasan, gopika, nassar, vadivelu"
mozhi,"comedy, musical, romance",radha mohan,"prithviraj sukumaran, jyotika, prakash raj, swarnamalya"
paruthiveeran,"action, drama, romance",ameer sultan,"karthi, priyamani, saravanan, ponvannan"
chennai 600028,"comedy, romance, sport",venkat prabhu,"shiva, jai, nitin sathya, premgi amaren"
abhiyum naanum,"comedy, drama, family",radha mohan,"prakash raj, trisha krishnan, aishwarya, ganesh venkatraman"
siva manasula sakthi,"comedy, drama, romance",m. rajesh,"jiiva, anuya bhagwat, santhanam, urvashi"
pasanga,"drama, family",pandiraj,"vimal, vega tamotia, kishore kumar g., sri ram"
vinnaithaandi varuvaayaa,"drama, romance",gautham vasudev menon,"t.r. silambarasan, trisha krishnan, vtv ganesh, raja krishnamoorthy"
madrasapattinam,"drama, history, romance",a.l. vijay,"arya, carole trangmar-palmer, amy jackson, cochin hanifa"
kumki,drama,prabu solomon,"vikram prabhu, lakshmi menon, thambi ramaiah, ashwin raja"
kadhalil sodhappuvadhu yeppadi,"comedy, romance",balaji mohan,"siddharth, amala paul, suresh, ravi raghavendra"
soodhu kavvum,"comedy, crime, thriller",nalan kumarasamy,"vijay sethupathi, sanchita shetty, radha ravi, m.s. bhaskar"
raja rani,"comedy, drama, romance",atlee kumar,"arya, nayanthara, jai, nazriya nazim"
kalyana samayal saadham,"comedy, romance",r.s. prasanna,"prasanna, lekha washington, delhi ganesh, uma pathmanabhan"
thani oruvan,"action, crime, thriller",mohan raja,"jayam ravi, arvind swamy, nayanthara, nassar"
naanum rowdydhaan,"action, comedy, romance",vignesh shivan,"vijay sethupathi, nayanthara, parthiban, radhika sarathkumar"
aandavan kattalai,drama,m. manikandan,"vijay sethupathi, ritika singh, pooja devariya, nassar"
nenjathai killathe,"drama, romance",j. mahendran,"suhasini, sarath babu, mohan, prathap pothen"
agni natchathiram,"action, crime, drama",mani ratnam,"karthik, prabhu, vijayakumar, amala akkineni"
moodupani,thriller,balu mahendra,"prathap pothen, shobha, malasia bhaskar, gandhimathi"
johnny,"action, crime, drama",j. mahendran,"rajinikanth, k. balaji, unni mary, suruli rajan"
alaigal ooivathilai,"drama, romance",bharathiraja,"karthik, radha, silk smitha, goundamani"
nooravathu naal,"crime, mystery, thriller",manivannan,"mohan, nalini, sathyaraj, vijayakanth"
nizhalgal,"adventure, drama",bharathiraja,"chandrashekhar, chandrashekhar, raadhu, nizhalgal ravi"
oomai vizhigal,"action, crime, mystery",r. aravindraj,"c. arunpandian, chandrasekhar, ilavarasi, jaishankar"
arangetra velai,"comedy, thriller",fazil,"anju, delhi ganesh, jai ganesh, janakaraj"
anjali,"family, drama",mani ratnam,"revathi, raghuvaran, prabhu, saranya ponvannan"
avasara police 100,"action, crime, thriller",bhagyaraj,"bhagyaraj, mounika, nambiar, m.n. nambiar"
keladi kanmani,drama,vasanth,"s.p. balasubrahmanyam, radhika sarathkumar, anju aravind, ramesh aravind"
my dear marthandan,"drama, romance",prathap pothen,"goundamani, prabhu, r.s. shivaji"
pulan visaaranai,"action, crime, thriller",r.k. selvamani,"vijayakanth, roobini, m.n. nambiar, radha ravi"
gopura vasalile,"comedy, romance",priyadarshan,"karthik, bhanupriya, suchitra, junior balaiya"
captain prabhakaran,"action, thriller",r.k. selvamani,"mansoor ali khan, sarath kumar, ramya krishnan, roobini"
chinna thambi,"drama, romance",p. vasu,"prabhu, kushboo, aachi manorama, radha ravi"
idhayam,"drama, romance",kathir,"chinnijayanth, janakaraj, aachi manorama, murali"
marupakkam,drama,k.s. sethumadhavan,"achamilai gopi, jayabharati, radha, sivakumar"
brahma,action,gopal b.,"aishwarya, annapoorna, mohan babu, tanikella bharani"
chinna gounder,"drama, romance, thriller",r.v. udhaya kumar,"salim ghouse, aachi manorama, sukanya, vadivelu"
roja,"drama, romance, thriller",mani ratnam,"arvind swamy, madhoo, pankaj kapur, nassar"
marupadiyam,"drama, family",balu mahendra,"joy badlani, nizhalgal ravi, revathi, rohini"
walter vetrivel,"action, drama",p. vasu,"goundamani, sathyaraj, sukanya, vijayakumar"
kalaignan,"action, drama, thriller",g.b. vijay,"kamal haasan, bindiya, farheen, chi gurudutt"
pudhiya mugam,"action, drama, thriller",suresh chandra menon,"kasthuri, suresh chandra menon, nirmala, revathi"
kizhakku seemayile,drama,bharathiraja,"vijayakumar, radhika sarathkumar, napolean, pandiyan"
thiruda thiruda,"action, crime, drama",mani ratnam,"prashanth, anand, heera rajgopal, anu agrawal"
duet,"musical, romance",k. balachander,"prabhu, ramesh aravind, meenakshi sheshadri, prakash raj"
saadu,musical,p. vasu,"arjun sarja, raveena tandon"
may madham,"drama, musical, romance",venusbalu,"janakaraj, sonali kulkarni, aachi manorama, monica"
karuththamma,"drama, romance",bharathiraja,"maheshwari, rajshri nair, periyadhasan, raja"
lucky man,"action, comedy, fantasy",prathap pothen,"karthik, sanghavi, goundamani, jayamani"
aasai,"drama, romance, thriller",vasanth,"ajith kumar, suvalakshmi, prakash raj, rohini"
makkal aatchi,thriller,r.k. selvamani,"mammootty, roja"
kalki,"drama, romance",k. balachander,"prakash raj, shruti, rahman, geetha"
ayudha pooja,"action, crime, drama",shivakumar,"nagesh, roja, arjun sarja, urvashi"
aahaa,drama,suresh krishna,"karuna bhushan, bhanupriya, delhi ganesh, rajiv krishna"
porkkalam,"comedy, romance",cheran,"ilavarasu, manivannan, meena, s.d. murali"
marumalarchi,drama,rajkumar,"mammootty, devayani, ranjith, aachi manorama"
kadhal mannan,"drama, romance",saran,"ajith kumar, maanu, m.s. viswanathan, vivek"
aval varuvala,mystery,raj kapoor,"ajith kumar, simran, sujatha, babloo prithviraj"
sollamale,romance,sasi,"kousalya, livingston, s. sathyendra"
kannethirey thondrinal,romance,ravichandran,"prashanth, simran, karan, srividya"
theeviravaathi: the terrorist,drama,santosh sivan,"ayesha dharker, k. krishna, sonu sisupal, vishwas"
unnai thedi,romance,sundar c.,"ajith kumar, malavikka, sivakumar, srividya"
amarkalam,"action, drama, romance",saran,"ajith kumar, shalini, raghuvaran, nassar"
unakkaga ellam unakkaga,"comedy, romance",sundar c.,"karthik, rambha, goundamani, vinuchakravarthy"
kannathil muthamittal,"action, drama, war",mani ratnam,"madhavan, simran, keerthana parthiepan, nandita das"
visaaranai,"crime, drama, thriller",vetrimaaran,"dinesh, samuthirakani, anandhi, murugadass"
aaranya kaandam,"action, crime, thriller",thiagarajan kumararaja,"sampath raj, jackie shroff, ravi krishna, yasmin ponnappa"
kattradhu thamizh,"drama, mystery",ram,"jiiva, anjali, karunas, azhagam perumal"
kaakkaa muttai,"comedy, drama",m. manikandan,"ramesh, j. vignesh, aishwarya rajesh, ramesh thilak"
jigarthanda,"action, crime, drama",karthik subbaraj,"siddharth, bobby simha, lakshmi menon, nassar"
aruvi,drama,arun prabhu purushothaman,"aditi balan, padmashri mohammad ali, pradeep anthony, arnold"
thavamai thavamiruntu,drama,cheran,"cheran, raj kiran, padmapriya, saranya ponvannan"
autograph,romance,cheran,"cheran, sneha, gopika, kaniha"
vazhakku enn 18/9,"crime, drama, thriller",balaji sakthivel,"sri, mithun murali, urmila mahanta, manisha yadav"
subramaniapuram,"action, drama, thriller",m. sasikumar,"jai, m. sasikumar, swathi reddy, 'ganja' karuppu"
pizza,"horror, thriller",karthik subbaraj,"vijay sethupathi, ramya nambeeshan, aadukalam naren, karunakaran"
onaayum aattukkuttiyum,"action, crime, thriller",myshkin,"myshkin, sri, adithya menon, bharath"
naduvula konjam pakkatha kaanom,"comedy, drama",balaji tharaneetharan,"vijay sethupathi, gayathrie, bagavathi perumal, rajkumar"
paradesi,"drama, history",bala,"atharvaa murali, vedika, dhansika, jerry"
theeran adhigaaram ondru,"action, crime, thriller",h. vinoth,"karthi, rakul preet singh, abhimanyu singh, bose venkat"
maanagaram,"action, thriller",lokesh kanagaraj,"sundeep kishan, sri, regina cassandra, charlie"
7/g rainbow colony,"drama, romance",k. selvaraghavan,"sonia agarwal, chandramohan, ravi krishna, aachi manorama"
sathuranga vettai,"crime, thriller",h. vinoth,"nataraja subramanian, ishara nair, ponvannan, ilavarasu"
anjathe,"action, drama, thriller",myshkin,"narain, prasanna, ajmal ameer, vijayalakshmi"
vaagai sooda vaa,"comedy, drama, romance",a. sarkunam,"vimal, iniya, bhagyaraj, ponvannan"
angadi theru,drama,vasanthabalan,"mahesh, anjali, a. venkatesh, pandi"
mouna guru,"action, thriller",santha kumar,"arulnithi, iniya, john vijay, uma riyaz khan"
saala khadoos,"action, drama, sport",sudha kongara,"madhavan, nassar, radha ravi, kaali venkat"
kaaviya thalaivan,"drama, history, music",vasanthabalan,"siddharth, prithviraj sukumaran, vedika, anaika soti"
dhuruvangal pathinaaru,"action, crime, mystery",karthick naren,"rahman, prakash raghavan, sharath kumar, santhosh krishna"
vidiyum munn,thriller,balaji k. kumar,"pooja umashankar, malavika manikuttan, vinoth kishan, lakshmi ramakrishnan"
indru netru naalai,"comedy, sci-fi, thriller",r. ravikumar,"vishnu vishal, mia george, karunakaran, v. jayaprakash"
raam,"action, drama, mystery",ameer sultan,"jiiva, saranya ponvannan, gajala, rahman"
thanga meengal,drama,ram,"ram, sadhana, shelly nabu kumar, rohini"
pisasu,horror,myshkin,"naga, prayaga martin, radha ravi, raj kumar"
kurangu bommai,"drama, thriller",nithilan,"vidharth, bharathiraja, delna davis, thenappan p.l."
naan kadavul,"action, drama",bala,"arya, pooja umashankar, motta rajendran, krishnamoorthy"
uriyadi,"action, thriller",vijay kumar,"vijay kumar, chandru, mime gopi, citizen sivakumar"
kaadhal,romance,balaji sakthivel,"bharath srinivasan, sandhya, sukumar, kadhal thandapani"
moodar koodam,"comedy, drama, musical",naveen,"naveen, sendrayan, rajaj, kuberan"
madras,"action, drama",pa. ranjith,"karthi, catherine tresa, kalaiyarasan, jayabalan"
aramm,drama,gopi nainar,"nayanthara, ramachandran durairaj, sunu lakshmi, kitty"
kuttrame thandanai,"crime, drama, mystery",m. manikandan,"vidharth, pooja devariya, aishwarya rajesh, rahman"
yutham sei,"crime, drama, mystery",myshkin,"cheran, ananyaa shah, y.g. mahendran, lakshmi ramakrishnan"
azhagi,"drama, romance",thangar bachan,"parthiban, nandita das, devayani, sayaji shinde"
iraivi,"crime, drama",karthik subbaraj,"s.j. suryah, vijay sethupathi, bobby simha, anjali"
oru kidayin karunai manu,drama,suresh sangaiah,"raveena ravi, vidharth"
taramani,"drama, romance",ram,"anjali, dongli jumbo, andrea jeremiah, venkateshbalaji"
attakathi,"comedy, romance",pa. ranjith,"dinesh, nandita shwetha, aishwarya rajesh, shalini"
8 thottakkal,"action, crime, thriller",sri ganesh,"vetri, aparna balamurali, nassar, m.s. bhaskar"
veyyil,drama,vasanthabalan,"pasupathy, bharath srinivasan, bhavana, priyanka nair"
pannaiyarum padminiyum,"comedy, drama",s.u. arun kumar,"vijay sethupathi, v. jayaprakash, tulasi, aishwarya rajesh"
13b: fear has a new address,"drama, horror, mystery",vikram k. kumar,"madhavan, neetu chandra, poonam dhillon, saranya ponvannan"
thegidi,"crime, mystery, thriller",p. ramesh,"ashok selvan, janani iyer, v. jayaprakash, jayakumar"
poo,drama,sasi,"parvathy thiruvothu, aiden grech, alex moore, srikanth"
engeyum eppodhum,"comedy, drama, family",m. saravanan,"jai, sharwanand, anjali, ananya"
jeeva,"drama, sport",suseenthiran,"vishnu vishal, sri divya, soori, lakshman narayan"
satham podathey,thriller,vasanth,"jagan, nassar, padmapriya, nitin sathya"
vennila kabadi kuzhu,"drama, sport",suseenthiran,"vishnu vishal, saranya mohan, kishore kumar g., soori"
peraanmai,"action, adventure, drama",s.p. jhananathan,"jayam ravi, saranya nag, vasundhara kashyap, dhansika"
mynaa,"action, romance",prabu solomon,"vidharth, amala paul, thambi ramaiah, sethu"
thadayara thakka,"action, thriller",magizh thirumeni,"arun vijay, mamta mohandas, rakul preet singh, vamsi krishna"
haridas,"drama, sport, thriller",kumaravelan,"kishore kumar g., sneha, prithviraj das, soori"
neer paravai,drama,seenu ramasamy,"vishnu vishal, sunaina, nandita das, samuthirakani"
maya,"horror, thriller",ashwin saravanan,"nayanthara, aari, amzath khan, lakshmi priyaa chandramouli"
aravaan,"action, adventure, drama",vasanthabalan,"aadhi, pasupathy, dhansika, archana kavi"
oru naal koothu,"comedy, drama",nelson venkatesan,"dinesh, nivetha pethuraj, mia george, riythvika"
naadodigal,"action, comedy, drama",samuthirakani,"m. sasikumar, vijay vasanth, bharani, ananya"
kuttram kadithal,drama,bramma g.,"master ajay, radhika prasidhha, sai rajkumar, pavel navageethan"
maayavan,"action, mystery, sci-fi",c.v. kumar,"sundeep kishan, lavanya tripathi, agaran, augustine"
metro,"action, crime, thriller",ananda krishnan,"shirish, sathya, bobby simha, sendrayan"
boss engira baskaran,comedy,m. rajesh,"arya, nayanthara, santhanam, subbu panchu"
meyaadha maan,romance,rathna kumar,"vaibhav reddy, priya bhavani shankar, vivek prasanna, indhuja ravichandran"
dharmadurai,drama,seenu ramasamy,"vijay sethupathi, tamannaah bhatia, aishwarya rajesh, srushti dange"
crime 23,"action, crime, thriller",arivazhagan venkatachalam,"arun vijay, abhinaya, aishwarya, aravind akash"
maragatha nananya,"adventure, comedy, fantasy",ark saravan,"aadhi, anandraj, m.s. baskar, m.s. bhaskar"
mundaasupatti,"comedy, drama, romance",ram kumar,"vishnu vishal, nandita shwetha, anand raj, kaali venkat"
demonte colony,"horror, thriller",r. ajay gnanamuthu,"arulnithi, ramesh thilak, sananth reddy, m.s. bhaskar"
ko,"action, thriller",k.v. anand,"jiiva, ajmal ameer, karthika nair, piaa bajpai"
azhagar samiyin kuthirai,drama,suseenthiran,"appukutty, saranya mohan, prabhakar, advaitha"
evano oruvan,"drama, thriller",nishikant kamat,"madhavan, sangeetha, seeman, devadarshini chetan"
kirumi,crime,anucharan,"charlie, david solomon raja, marimuthu, tamilselvi"
madha yaanai koottam,"drama, thriller",vikram sugumaran,"kathir, anju, viji chandrashekhar, v. jayaprakash"
sarabham,mystery,arun mohan,"naveen chandra, salony luthra, aadukalam naren, kadhal kannan"
the house next door,horror,milind rau,"prakash belawadi, khushi hajare, andrea jeremiah, atul kulkarni"
iyarkai,romance,s.p. jhananathan,"sima bisvas, chinnijayanth, karunas, radhika kumaraswamy"
rangoon,"action, crime, drama",rajkumar periasamy,"gautham karthik, lallu, sana makbul, prashant nair"
thamizh padam,comedy,c.s. amudhan,"shiva, disha pandey, venniradai moorthy, manobala"
adhe kangal,"action, thriller",rohin venkatesan,"r. aravindraj, abishek joseph george, janani iyer, kalaiyarasan"
96,"drama, romance",c. prem kumar,"vijay sethupathi, trisha krishnan, varsha bollamma, adithya bhaskar"
ratsasan,"action, crime, thriller",ram kumar,"vishnu vishal, radha ravi, sangili murugan, nizhalgal ravi"
mahanati,"biography, drama",nag ashwin,"keerthy suresh, dulquer salmaan, samantha ruth prabhu, vijay deverakonda"
coco kokila,"comedy, crime, drama",nelson,"nayanthara, saranya ponvannan, saravanan, yogi babu"
to let,family,chezhian ra,"dharun bala, t. arul ezhilan, mk mani, marudhu mohan"
petta,"action, drama",karthik subbaraj,"rajinikanth, vijay sethupathi, nawazuddin siddiqui, m. sasikumar"
idharkuthane aasaipattai balakumara,comedy,gokul,"vijay sethupathi, ashwin kakumanu, swathi reddy, nandita shwetha"
darling,"comedy, horror",sam anton,"g.v. prakash kumar, nikki galrani, srushti dange, karunas"
irandam ulagam,"action, fantasy, romance",k. selvaraghavan,"arya, anushka shetty, jaya bachchan, venkatesh harinathan"
kalam,"drama, horror, mystery",robert raaj,"lakshmi priyaa chandramouli, amzath khan, srinivasan, madhusudhan rao"
kanithan,"action, thriller",t. santhosh,"atharvaa murali, catherine tresa, tarun arora, bhagyaraj"
maaveeran kittu,"action, drama",suseenthiran,"sri divya, parthiban, soori, vishnu vishal"
miruthan,"action, horror",shakti soundar rajan,"jayam ravi, lakshmi menon, kaali venkat, r.n.r. manohar"
naan avanillai,"crime, drama, thriller",selva,"'university' jeevan, sneha, namitha, malavikka"
raja manthiri,"comedy, drama",usha krishnan,"anandhi, gajaraj, nadodigal gopal, kalaiyarasan"
sethu boomi,"action, drama, romance",kenthiran muniasami,"junior balaiya, cheranraj, thaman kumar, kenthiran muniasami"
sethupathi,"action, thriller",s.u. arun kumar,"vijay sethupathi, ramya nambeeshan, vela ramamoorthy, girrish"
tamilselvanum thaniyar anjalum,"action, romance, thriller",premsai,"vtv ganesh, yami gautam, jai, prem kumar"
tharkappu,"action, thriller",r.p. ravi,"amita ranganath, vatsan chakravarthy, vaishali deepak, riyaz khan"
girls,"horror, thriller",thulasidas,"nadia moidu, iniya, archana suseelan"
urumeen,"action, fantasy, thriller",sakthivel perumalsamy,"bobby simha, kalaiyarasan, reshmi menon, sandra amy"
vellaiya irukiravan poi solla maatan,comedy,a.l. abanindran,"praveen kumar, naren, pazhani, bala saravanan"
vetrivel,drama,vasantha mani,"m. sasikumar, mia george, prabhu, viji chandrashekhar"
damaal dumeel,"comedy, crime, drama",shree,"vaibhav reddy, ramya nambeeshan, sayaji shinde, srinivasa rao kota"
kadal,"drama, romance",mani ratnam,"arjun sarja, arvind swamy, gautham karthik, thulasi nair"
salim,"action, thriller",n.v. nirmal kumar,"vijay antony, aksha pardasany, r.n.r. manohar, p.v. chandramouli"
piriyatha varam vendum,"drama, romance",kamal,"prashanth, shalini, jomol, krishna"
sundara,"comedy, drama, family",s. prabhakaran,"m. sasikumar, lakshmi menon, vijay sethupathi, appukutty"
tharai thappattai,"action, drama, musical",bala,"m. sasikumar, varalaxmi sarathkumar, g.m. kumar, r.k. suresh"
trisha illana nayanthara,comedy,adhik ravichandran,"g.v. prakash kumar, anandhi, manisha yadav, simran"
180,"drama, romance",jayendra,"siddharth, nithya menon, priya anand, tanikella bharani"
arasu dharbar,drama,joone,"sarath kumar, simran, delhi ganesh"
boologam,action,n. kalyanakrishnan,"jayam ravi, trisha krishnan, prakash raj, nathan jones"
malini 22,"drama, thriller",sripriya,"nithya menon, krrish, kovai sarala, vidyullekha raman"
pooja,"action, drama",hari,"vishal, shruti haasan, sathyaraj, soori"
achamindri,thriller,rajapandi,"devadarshini chetan, srushti dange, karunas, saranya ponvannan"
achcham yenbadhu madamaiyada,"action, romance, thriller",gautham vasudev menon,"t.r. silambarasan, manjima mohan, baba sehgal, daniel balaji"
devi(l),"comedy, horror",a.l. vijay,"tamannaah bhatia, prabhu deva, sonu sood, amy jackson"
jayasurya,"action, thriller",suseenthiran,"vishal, kajal aggarwal, samuthirakani, soori"
isai,"musical, romance, thriller",s.j. suryah,"s.j. suryah, sathyaraj, sulagna panigrahi, thambi ramaiah"
komban,"action, drama",m. muthaiah,"karthi, lakshmi menon, raj kiran, karunas"
rekka,action,rathina shiva,"kishore kumar g., sathish krishnan, lakshmi menon, lian nasser"
naan mahaan alla,"action, crime, drama",suseenthiran,"karthi, kajal aggarwal, v. jayaprakash, krishna priya"
kathakali,"action, thriller",pandiraj,"vishal, catherine tresa, karunas, imman annachi"
kidaari,action,prasath murugesan,"nadodigal gopal, shobha mohan, napolean, hareesh peradi"
maruthu,"action, drama",m. muthaiah,"vishal, sri divya, r.k. suresh, kulappulli leela"
muthina kathirika,"comedy, drama",venkat raghavan,"yogi babu, poonam bajwa, sundar c., vtv ganesh"
nimirndhu nil,"action, drama",samuthirakani,"jayam ravi, sarath kumar, amala paul, ragini dwivedi"
kayal,romance,prabu solomon,"chandran, anandhi, vincent, gemini rajeshwari"
chandi veeran,"action, drama, romance",a. sarkunam,"atharvaa murali, anandhi, lal, bose venkat"
yaamirukka bayamey,"comedy, horror",deekay,"krishna sekhar, rupa manjari, karunakaran, oviya"
vaayai moodi pesavum,"comedy, drama, romance",balaji mohan,"dulquer salmaan, nazriya nazim, madhoo, r. pandiaraajan"
cuckoo,"drama, romance",raju murugan,"dinesh, malavika nair, elango, somasundaram"
naan sigappu manithan,"action, drama, thriller",thiru,"vishal, lakshmi menon, iniya, saranya ponvannan"
tamiluku en ondrai aluthavum,"comedy, sci-fi, thriller",ramprakash rayappa,"nakhul, dinesh, bindhu madhavi, aishwarya dutta"
aadama jaichomada,comedy,badri,"karunakaran, vijayalakshmi agathiyan, bobby simha, balaji"
ammani,"drama, family",lakshmi ramakrishnan,"semmalar annam, manas bhaskaran, sri mahesh, manas"
katha solla porom,comedy,kalyaan,"arun aravind, aadukalam naren, kaali venkat"
maan karate,"comedy, drama",thirukumaran,"sivakarthikeyan, hansika motwani, soori, vamsi krishna"
rum,horror,sai bharath,"arjun chidambaram, mia george, hrishikesh, amzath khan"
kotigobba 2,"action, drama, thriller",k.s. ravikumar,"sudeep, nithya menon, prakash raj, p. ravi shankar"
vaaimai,drama,a. senthil kumar,"shanthnu bhagyaraj, manoj k. bharathi, muktha george, goundamani"
enakku innoru per irukku,"action, comedy, crime",sam anton,"g.v. prakash kumar, anandhi, nirosha, saravanan"
game,"action, mystery, thriller",a.m.r. ramesh,"arjun sarja, manisha koirala, shaam, aqsa bhatt"
tutak tutak tutiya,"comedy, horror",a.l. vijay,"rj balaji, tamannaah bhatia, prabhu deva, karishma gulati"
bangalore naatkal,drama,bhaskar,"arya, sri divya, bobby simha, rana daggubati"
kaashmora,"action, comedy, fantasy",gokul,"karthi, nayanthara, sri divya, vivek"
lightman,drama,g. venkatesh kumar,"karthik nagarajan, jennifer, vasagan, govindaswaminathan"
meen kuzhambum mann paanaiyum,"comedy, fantasy",amudeshver,"balaji, santhana bharathi, m.s. bhaskar, thalapathi dinesh"
rudhramadevi,"action, biography, history",gunasekhar,"anushka shetty, allu arjun, rana daggubati, vikramjeet virk"
thirunaal,"action, drama, romance",ramnath,"jiiva, nayanthara, karunas, meenakshi"
uchathula shiva,action,jaypee,"ilavarasu, kanal kannan, karan, ramesh khanna"
uyire.. uyire..,"drama, romance",a.r. rajasekar,"siddhu, hansika motwani, ajay, aadukalam naren"
dhilluku dhuddu,"comedy, horror",rambala,"santhanam, shanaya, karunas, motta rajendran"
enga amma rani,action,s. bani,"dhansika, anil murali, namo narayana, varnika"
lens,"drama, mystery, thriller",jayaprakash radhakrishnan,"anand sami, jayaprakash radhakrishnan, misha ghoshal, kulothungan udayakumar"
pulimurugan,action,vysakh,"mohanlal, jagapathi babu, kamalinee mukherjee, lal"
radiopetti,drama,hari viswanath,"nivas adithan, lakshmanan koratur, shobana mohan, ramanujam tvv"
vanamagan,"action, adventure",a.l. vijay,"arjun, akhilesh krishna, prakash raj, shanmugha rajan"
yeidhavan,"action, crime, drama",sakthi rajasekaran,"sandra amy, gautham, kalaiyarasan, krishna kumar"
kathanayagan,comedy,tha. muruganatham,"meera krishna, saranya ponvannan, vijay sethupathi, catherine tresa"
revelations,drama,vijay jayapal,"arpita banerjee, lakshmi priyaa chandramouli, chetan, aanantharaman karthik"
vasuki,"mystery, thriller",a.k. sajan,"nayanthara, mammootty, sheelu abraham, roshan mathew"
puriyaatha puthir,thriller,ranjit jeyakodi,"vijay sethupathi, gayathrie, mahima nambiar, ramesh thilak"
dashing detective,"action, crime, thriller",myshkin,"vishal, prasanna, vinay rai, anu emmanuel"
kappal,"comedy, romance",karthik g. krish,"vaibhav reddy, sonam bajwa, karunakaran, vtv ganesh"
bogan,"action, thriller",lakshman,"jayam ravi, arvind swamy, hansika motwani, nassar"
maruthamalai,action,viswanathan ravichandran,"arjun sarja, meera chopra, vadivelu, raghuvaran"
poriyaalan,"drama, thriller",thanukumar,"anandhi, delhi ganesh, harish kalyan, achuta kumar"
aambala,"action, comedy",sundar c.,"vishal, hansika motwani, prabhu, vaibhav reddy"
sathuran,thriller,k. rajeev prasad,"raju easwaran, rajaj, varsha, kaali venkat"
engeyum kadhal,romance,prabhu deva,"jayam ravi, hansika motwani, suman, raju sundaram"
english karan,comedy,sakthi chidambaram,"sathyaraj, namitha, madhumitha, vadivelu"
vaalu,"comedy, romance",vijay chandar,"t.r. silambarasan, hansika motwani, santhanam, vtv ganesh"
khaidi,"action, thriller",lokesh kanagaraj,"karthi, narain, ramana, george maryan"
jilla,comedy,nelson,"joseph vijay, mohanlal, nivetha thomas"
naveenasaras,comedy,rajaji,"nivetha thomas, jai"
